location,timestamp
Front Left,2014-01-28T23:28:29.000Z
Party in the Back,2014-01-28T23:28:43.000Z
Mid Right Spot,2014-01-28T23:28:54.000Z
Another Spot,2014-01-28T23:28:56.000Z
Mid Right Spot,2014-01-28T23:28:57.000Z
Back Right,2014-01-28T23:29:13.000Z
Near the Front,2014-01-28T23:29:25.000Z
Front Door,2014-01-28T23:38:18.000Z
Mid Right Spot,2014-01-28T23:41:51.000Z
Near the Front,2014-01-28T23:42:12.000Z
Back Right,2014-01-28T23:42:18.000Z
Another Spot,2014-01-28T23:42:31.000Z
Left Side,2014-01-28T23:43:10.000Z
Front Left,2014-01-28T23:43:17.000Z
Front Left,2014-01-28T23:43:34.000Z
Near the Party,2014-01-28T23:44:12.000Z
Near the Party,2014-01-28T23:44:17.000Z
Near the Party,2014-01-28T23:44:23.000Z
Back Left,2014-01-28T23:44:28.000Z
Near the Party,2014-01-28T23:44:35.000Z
Near the Party,2014-01-28T23:44:56.000Z
Near the Party,2014-01-28T23:45:18.000Z
Left Side,2014-01-28T23:46:33.000Z
Party in the Back,2014-01-28T23:46:55.000Z
Front Door,2014-01-28T23:55:18.000Z
Left Side,2014-01-29T00:02:19.000Z
Party in the Back,2014-01-29T00:04:47.000Z
Left Side,2014-01-29T00:24:25.000Z
Mid Right Spot,2014-01-29T00:53:13.000Z
Party in the Back,2014-01-29T01:09:35.000Z
Party in the Back,2014-01-29T01:39:39.000Z
Party in the Back,2014-01-29T01:39:45.000Z
Front Door,2014-01-29T01:54:36.000Z
Party in the Back,2014-01-29T01:55:21.000Z
Front Door,2014-01-29T02:02:32.000Z
Front Door,2014-01-29T02:04:14.000Z
Front Door,2014-01-29T02:04:54.000Z
Front Door,2014-01-29T02:05:36.000Z
Front Door,2014-01-29T02:05:38.000Z
Front Door,2014-01-29T02:05:47.000Z
Front Door,2014-01-29T02:05:48.000Z
Front Door,2014-01-29T02:05:52.000Z
Front Door,2014-01-29T02:05:55.000Z
Front Door,2014-01-29T02:05:59.000Z
Front Door,2014-01-29T02:08:21.000Z
Front Door,2014-01-29T02:08:41.000Z
Front Door,2014-01-29T02:08:54.000Z
Front Door,2014-01-29T02:08:56.000Z
Near the Front,2014-01-29T02:08:59.000Z
Front Door,2014-01-29T02:09:12.000Z
Front Door,2014-01-29T02:09:14.000Z
Front Door,2014-01-29T02:09:17.000Z
Front Door,2014-01-29T02:09:18.000Z
Front Door,2014-01-29T02:09:19.000Z
Front Door,2014-01-29T02:09:23.000Z
Front Door,2014-01-29T02:09:25.000Z
Front Door,2014-01-29T02:09:28.000Z
Front Door,2014-01-29T02:09:33.000Z
Front Door,2014-01-29T02:09:34.000Z
Front Door,2014-01-29T02:09:41.000Z
Front Door,2014-01-29T02:09:44.000Z
Front Door,2014-01-29T02:09:48.000Z
Front Door,2014-01-29T02:09:48.000Z
Front Door,2014-01-29T02:09:49.000Z
Front Door,2014-01-29T02:10:18.000Z
Front Door,2014-01-29T02:10:19.000Z
Front Door,2014-01-29T02:10:24.000Z
Front Door,2014-01-29T02:10:27.000Z
Front Door,2014-01-29T02:10:44.000Z
Front Door,2014-01-29T02:10:48.000Z
Another Spot,2014-01-29T02:10:55.000Z
Front Door,2014-01-29T02:11:08.000Z
Front Door,2014-01-29T02:11:16.000Z
Front Door,2014-01-29T02:11:18.000Z
Front Door,2014-01-29T02:11:20.000Z
Front Door,2014-01-29T02:11:26.000Z
Front Door,2014-01-29T02:11:48.000Z
Front Door,2014-01-29T02:12:10.000Z
Front Door,2014-01-29T02:12:13.000Z
Front Door,2014-01-29T02:12:25.000Z
Front Door,2014-01-29T02:12:31.000Z
Front Door,2014-01-29T02:12:50.000Z
Front Door,2014-01-29T02:12:53.000Z
Front Door,2014-01-29T02:12:56.000Z
Another Spot,2014-01-29T02:12:57.000Z
Front Door,2014-01-29T02:13:09.000Z
Front Door,2014-01-29T02:13:12.000Z
Front Door,2014-01-29T02:13:13.000Z
Front Door,2014-01-29T02:13:17.000Z
Front Door,2014-01-29T02:13:19.000Z
Front Door,2014-01-29T02:13:22.000Z
Mid Right Spot,2014-01-29T02:13:30.000Z
Front Door,2014-01-29T02:13:53.000Z
Front Door,2014-01-29T02:13:57.000Z
Front Door,2014-01-29T02:14:03.000Z
Front Door,2014-01-29T02:14:06.000Z
Front Door,2014-01-29T02:14:07.000Z
Mid Right Spot,2014-01-29T02:14:07.000Z
Front Door,2014-01-29T02:14:08.000Z
Mid Right Spot,2014-01-29T02:14:10.000Z
Front Door,2014-01-29T02:14:14.000Z
Mid Right Spot,2014-01-29T02:14:17.000Z
Front Door,2014-01-29T02:14:29.000Z
Mid Right Spot,2014-01-29T02:14:30.000Z
Back Right,2014-01-29T02:14:32.000Z
Mid Right Spot,2014-01-29T02:14:32.000Z
Front Door,2014-01-29T02:14:35.000Z
Front Door,2014-01-29T02:14:43.000Z
Front Door,2014-01-29T02:14:43.000Z
Front Door,2014-01-29T02:15:04.000Z
Front Door,2014-01-29T02:15:06.000Z
Near the Front,2014-01-29T02:15:12.000Z
Front Door,2014-01-29T02:15:20.000Z
Front Door,2014-01-29T02:15:25.000Z
Front Door,2014-01-29T02:15:26.000Z
Front Door,2014-01-29T02:15:46.000Z
Front Door,2014-01-29T02:15:48.000Z
Party in the Back,2014-01-29T02:15:55.000Z
Front Door,2014-01-29T02:16:04.000Z
Front Door,2014-01-29T02:16:04.000Z
Front Door,2014-01-29T02:16:08.000Z
Front Door,2014-01-29T02:16:10.000Z
Front Door,2014-01-29T02:16:11.000Z
Front Door,2014-01-29T02:16:13.000Z
Near the Front,2014-01-29T02:16:17.000Z
Front Door,2014-01-29T02:16:23.000Z
Another Spot,2014-01-29T02:16:24.000Z
Near the Front,2014-01-29T02:16:31.000Z
Near the Front,2014-01-29T02:16:38.000Z
Front Door,2014-01-29T02:16:54.000Z
Front Door,2014-01-29T02:16:57.000Z
Front Door,2014-01-29T02:16:58.000Z
Front Door,2014-01-29T02:16:59.000Z
Front Door,2014-01-29T02:17:01.000Z
Front Door,2014-01-29T02:17:02.000Z
Back Right,2014-01-29T02:17:05.000Z
Another Spot,2014-01-29T02:17:21.000Z
Front Door,2014-01-29T02:17:24.000Z
Near the Front,2014-01-29T02:17:29.000Z
Another Spot,2014-01-29T02:17:34.000Z
Back Right,2014-01-29T02:17:34.000Z
Front Door,2014-01-29T02:17:41.000Z
Front Door,2014-01-29T02:17:43.000Z
Front Door,2014-01-29T02:18:00.000Z
Front Door,2014-01-29T02:18:02.000Z
Front Door,2014-01-29T02:18:04.000Z
Front Door,2014-01-29T02:18:16.000Z
Front Door,2014-01-29T02:18:21.000Z
Front Door,2014-01-29T02:18:26.000Z
Front Door,2014-01-29T02:18:33.000Z
Front Door,2014-01-29T02:18:37.000Z
Front Door,2014-01-29T02:18:38.000Z
Front Door,2014-01-29T02:18:38.000Z
Front Door,2014-01-29T02:18:52.000Z
Front Door,2014-01-29T02:19:03.000Z
Front Door,2014-01-29T02:19:20.000Z
Front Door,2014-01-29T02:19:20.000Z
Near the Party,2014-01-29T02:19:37.000Z
Front Door,2014-01-29T02:19:39.000Z
Front Door,2014-01-29T02:19:43.000Z
Back Left,2014-01-29T02:19:43.000Z
Back Right,2014-01-29T02:19:45.000Z
Front Door,2014-01-29T02:19:57.000Z
Near the Party,2014-01-29T02:19:59.000Z
Front Door,2014-01-29T02:20:01.000Z
Front Door,2014-01-29T02:20:06.000Z
Front Door,2014-01-29T02:20:12.000Z
Front Door,2014-01-29T02:20:17.000Z
Front Door,2014-01-29T02:20:24.000Z
Front Door,2014-01-29T02:20:25.000Z
Front Door,2014-01-29T02:20:27.000Z
Front Door,2014-01-29T02:20:37.000Z
Front Door,2014-01-29T02:20:38.000Z
Front Door,2014-01-29T02:21:00.000Z
Back Right,2014-01-29T02:21:03.000Z
Front Door,2014-01-29T02:21:19.000Z
Another Spot,2014-01-29T02:21:23.000Z
Front Door,2014-01-29T02:21:30.000Z
Front Door,2014-01-29T02:21:32.000Z
Front Door,2014-01-29T02:21:45.000Z
Front Door,2014-01-29T02:22:01.000Z
Front Door,2014-01-29T02:22:05.000Z
Mid Right Spot,2014-01-29T02:22:09.000Z
Mid Right Spot,2014-01-29T02:22:11.000Z
Front Door,2014-01-29T02:22:14.000Z
Another Spot,2014-01-29T02:22:17.000Z
Front Door,2014-01-29T02:22:19.000Z
Mid Right Spot,2014-01-29T02:22:20.000Z
Mid Right Spot,2014-01-29T02:22:23.000Z
Another Spot,2014-01-29T02:22:25.000Z
Front Door,2014-01-29T02:22:26.000Z
Another Spot,2014-01-29T02:22:31.000Z
Mid Right Spot,2014-01-29T02:22:34.000Z
Front Door,2014-01-29T02:22:35.000Z
Front Door,2014-01-29T02:22:35.000Z
Mid Right Spot,2014-01-29T02:22:36.000Z
Front Door,2014-01-29T02:22:45.000Z
Front Door,2014-01-29T02:22:46.000Z
Front Door,2014-01-29T02:22:48.000Z
Front Door,2014-01-29T02:22:58.000Z
Front Door,2014-01-29T02:23:03.000Z
Front Door,2014-01-29T02:23:08.000Z
Near the Front,2014-01-29T02:23:10.000Z
Front Door,2014-01-29T02:23:13.000Z
Front Door,2014-01-29T02:23:14.000Z
Front Door,2014-01-29T02:23:15.000Z
Mid Right Spot,2014-01-29T02:23:15.000Z
Another Spot,2014-01-29T02:23:19.000Z
Front Door,2014-01-29T02:23:20.000Z
Party in the Back,2014-01-29T02:23:30.000Z
Left Side,2014-01-29T02:23:39.000Z
Front Door,2014-01-29T02:23:40.000Z
Another Spot,2014-01-29T02:23:46.000Z
Front Door,2014-01-29T02:23:52.000Z
Party in the Back,2014-01-29T02:23:52.000Z
Left Side,2014-01-29T02:23:53.000Z
Front Door,2014-01-29T02:24:03.000Z
Front Door,2014-01-29T02:24:06.000Z
Front Door,2014-01-29T02:24:07.000Z
Front Door,2014-01-29T02:24:08.000Z
Mid Right Spot,2014-01-29T02:24:10.000Z
Front Door,2014-01-29T02:24:12.000Z
Near the Front,2014-01-29T02:24:14.000Z
Front Door,2014-01-29T02:24:14.000Z
Front Door,2014-01-29T02:24:14.000Z
Back Left,2014-01-29T02:24:17.000Z
Front Door,2014-01-29T02:24:20.000Z
Front Door,2014-01-29T02:24:22.000Z
Front Door,2014-01-29T02:24:22.000Z
Front Door,2014-01-29T02:24:23.000Z
Near the Front,2014-01-29T02:24:23.000Z
Front Door,2014-01-29T02:24:25.000Z
Party in the Back,2014-01-29T02:24:29.000Z
Front Door,2014-01-29T02:24:30.000Z
Near the Front,2014-01-29T02:24:38.000Z
Front Door,2014-01-29T02:24:41.000Z
Front Door,2014-01-29T02:24:46.000Z
Front Door,2014-01-29T02:24:56.000Z
Front Door,2014-01-29T02:24:56.000Z
Back Right,2014-01-29T02:25:01.000Z
Near the Front,2014-01-29T02:25:05.000Z
Back Right,2014-01-29T02:25:10.000Z
Front Door,2014-01-29T02:25:19.000Z
Back Left,2014-01-29T02:25:24.000Z
Front Door,2014-01-29T02:25:39.000Z
Left Side,2014-01-29T02:25:48.000Z
Mid Right Spot,2014-01-29T02:25:59.000Z
Left Side,2014-01-29T02:26:00.000Z
Front Door,2014-01-29T02:26:05.000Z
Left Side,2014-01-29T02:26:06.000Z
Front Door,2014-01-29T02:26:10.000Z
Near the Party,2014-01-29T02:26:10.000Z
Front Door,2014-01-29T02:26:12.000Z
Front Door,2014-01-29T02:26:13.000Z
Near the Party,2014-01-29T02:26:14.000Z
Front Door,2014-01-29T02:26:16.000Z
Front Door,2014-01-29T02:26:16.000Z
Front Door,2014-01-29T02:26:27.000Z
Another Spot,2014-01-29T02:26:34.000Z
Front Door,2014-01-29T02:26:46.000Z
Another Spot,2014-01-29T02:26:50.000Z
Front Left,2014-01-29T02:26:59.000Z
Front Left,2014-01-29T02:27:04.000Z
Another Spot,2014-01-29T02:27:20.000Z
Front Door,2014-01-29T02:27:33.000Z
Another Spot,2014-01-29T02:27:33.000Z
Another Spot,2014-01-29T02:27:41.000Z
Front Door,2014-01-29T02:27:42.000Z
Front Door,2014-01-29T02:27:45.000Z
Front Door,2014-01-29T02:27:53.000Z
Front Door,2014-01-29T02:27:59.000Z
Front Door,2014-01-29T02:28:13.000Z
Back Right,2014-01-29T02:28:31.000Z
Back Right,2014-01-29T02:28:39.000Z
Near the Front,2014-01-29T02:28:44.000Z
Near the Front,2014-01-29T02:28:51.000Z
Left Side,2014-01-29T02:28:56.000Z
Mid Right Spot,2014-01-29T02:28:58.000Z
Mid Right Spot,2014-01-29T02:29:00.000Z
Front Door,2014-01-29T02:29:02.000Z
Left Side,2014-01-29T02:29:04.000Z
Mid Right Spot,2014-01-29T02:29:06.000Z
Mid Right Spot,2014-01-29T02:29:09.000Z
Front Left,2014-01-29T02:29:11.000Z
Mid Right Spot,2014-01-29T02:29:16.000Z
Left Side,2014-01-29T02:29:16.000Z
Front Left,2014-01-29T02:29:16.000Z
Near the Front,2014-01-29T02:29:23.000Z
Near the Party,2014-01-29T02:29:31.000Z
Back Right,2014-01-29T02:29:32.000Z
Near the Party,2014-01-29T02:29:36.000Z
Back Right,2014-01-29T02:29:41.000Z
Near the Party,2014-01-29T02:29:42.000Z
Mid Right Spot,2014-01-29T02:29:47.000Z
Near the Party,2014-01-29T02:29:47.000Z
Near the Party,2014-01-29T02:29:54.000Z
Front Left,2014-01-29T02:30:02.000Z
Near the Party,2014-01-29T02:30:03.000Z
Mid Right Spot,2014-01-29T02:30:04.000Z
Front Left,2014-01-29T02:30:07.000Z
Near the Party,2014-01-29T02:30:07.000Z
Another Spot,2014-01-29T02:30:12.000Z
Near the Party,2014-01-29T02:30:12.000Z
Mid Right Spot,2014-01-29T02:30:14.000Z
Near the Party,2014-01-29T02:30:18.000Z
Front Door,2014-01-29T02:30:19.000Z
Party in the Back,2014-01-29T02:30:22.000Z
Near the Front,2014-01-29T02:30:31.000Z
Another Spot,2014-01-29T02:30:39.000Z
Back Left,2014-01-29T02:30:46.000Z
Back Left,2014-01-29T02:30:59.000Z
Near the Party,2014-01-29T02:31:03.000Z
Party in the Back,2014-01-29T02:31:05.000Z
Party in the Back,2014-01-29T02:31:21.000Z
Front Door,2014-01-29T02:31:25.000Z
Party in the Back,2014-01-29T02:31:26.000Z
Front Door,2014-01-29T02:31:29.000Z
Party in the Back,2014-01-29T02:31:32.000Z
Front Door,2014-01-29T02:31:34.000Z
Front Door,2014-01-29T02:31:36.000Z
Back Right,2014-01-29T02:31:37.000Z
Back Right,2014-01-29T02:31:43.000Z
Party in the Back,2014-01-29T02:31:46.000Z
Party in the Back,2014-01-29T02:31:46.000Z
Mid Right Spot,2014-01-29T02:31:48.000Z
Mid Right Spot,2014-01-29T02:31:52.000Z
Party in the Back,2014-01-29T02:31:53.000Z
Front Door,2014-01-29T02:31:59.000Z
Front Left,2014-01-29T02:32:00.000Z
Party in the Back,2014-01-29T02:32:05.000Z
Party in the Back,2014-01-29T02:32:06.000Z
Mid Right Spot,2014-01-29T02:32:07.000Z
Party in the Back,2014-01-29T02:32:10.000Z
Front Door,2014-01-29T02:32:10.000Z
Party in the Back,2014-01-29T02:32:15.000Z
Back Left,2014-01-29T02:32:16.000Z
Another Spot,2014-01-29T02:32:35.000Z
Left Side,2014-01-29T02:32:41.000Z
Near the Party,2014-01-29T02:32:44.000Z
Mid Right Spot,2014-01-29T02:32:46.000Z
Back Left,2014-01-29T02:32:47.000Z
Mid Right Spot,2014-01-29T02:32:48.000Z
Near the Party,2014-01-29T02:32:49.000Z
Party in the Back,2014-01-29T02:32:51.000Z
Back Left,2014-01-29T02:32:57.000Z
Party in the Back,2014-01-29T02:33:01.000Z
Back Right,2014-01-29T02:33:03.000Z
Left Side,2014-01-29T02:33:04.000Z
Front Door,2014-01-29T02:33:05.000Z
Mid Right Spot,2014-01-29T02:33:06.000Z
Front Door,2014-01-29T02:33:06.000Z
Left Side,2014-01-29T02:33:08.000Z
Mid Right Spot,2014-01-29T02:33:09.000Z
Mid Right Spot,2014-01-29T02:33:14.000Z
Mid Right Spot,2014-01-29T02:33:15.000Z
Party in the Back,2014-01-29T02:33:24.000Z
Mid Right Spot,2014-01-29T02:33:24.000Z
Mid Right Spot,2014-01-29T02:33:27.000Z
Mid Right Spot,2014-01-29T02:33:29.000Z
Party in the Back,2014-01-29T02:33:30.000Z
Back Left,2014-01-29T02:33:39.000Z
Front Door,2014-01-29T02:33:40.000Z
Near the Front,2014-01-29T02:33:42.000Z
Back Right,2014-01-29T02:33:47.000Z
Another Spot,2014-01-29T02:33:52.000Z
Party in the Back,2014-01-29T02:33:56.000Z
Back Right,2014-01-29T02:34:01.000Z
Back Right,2014-01-29T02:34:05.000Z
Mid Right Spot,2014-01-29T02:34:22.000Z
Near the Party,2014-01-29T02:34:23.000Z
Near the Party,2014-01-29T02:34:25.000Z
Another Spot,2014-01-29T02:34:28.000Z
Near the Party,2014-01-29T02:34:29.000Z
Back Left,2014-01-29T02:34:34.000Z
Back Left,2014-01-29T02:34:40.000Z
Near the Party,2014-01-29T02:34:44.000Z
Near the Party,2014-01-29T02:34:49.000Z
Back Left,2014-01-29T02:34:52.000Z
Back Left,2014-01-29T02:34:57.000Z
Party in the Back,2014-01-29T02:34:58.000Z
Back Left,2014-01-29T02:35:04.000Z
Mid Right Spot,2014-01-29T02:35:05.000Z
Mid Right Spot,2014-01-29T02:35:08.000Z
Back Left,2014-01-29T02:35:09.000Z
Near the Front,2014-01-29T02:35:12.000Z
Party in the Back,2014-01-29T02:35:32.000Z
Party in the Back,2014-01-29T02:35:35.000Z
Party in the Back,2014-01-29T02:35:36.000Z
Front Door,2014-01-29T02:35:36.000Z
Back Left,2014-01-29T02:35:39.000Z
Front Door,2014-01-29T02:35:39.000Z
Party in the Back,2014-01-29T02:35:49.000Z
Back Left,2014-01-29T02:35:50.000Z
Back Left,2014-01-29T02:35:58.000Z
Back Left,2014-01-29T02:36:01.000Z
Party in the Back,2014-01-29T02:36:11.000Z
Left Side,2014-01-29T02:36:13.000Z
Another Spot,2014-01-29T02:36:21.000Z
Near the Front,2014-01-29T02:36:27.000Z
Front Left,2014-01-29T02:36:31.000Z
Front Left,2014-01-29T02:36:37.000Z
Another Spot,2014-01-29T02:36:39.000Z
Another Spot,2014-01-29T02:36:44.000Z
Near the Party,2014-01-29T02:36:44.000Z
Party in the Back,2014-01-29T02:36:47.000Z
Front Left,2014-01-29T02:36:52.000Z
Front Door,2014-01-29T02:36:53.000Z
Front Left,2014-01-29T02:36:56.000Z
Another Spot,2014-01-29T02:37:17.000Z
Party in the Back,2014-01-29T02:37:17.000Z
Party in the Back,2014-01-29T02:37:19.000Z
Party in the Back,2014-01-29T02:37:27.000Z
Back Left,2014-01-29T02:37:35.000Z
Near the Front,2014-01-29T02:37:36.000Z
Party in the Back,2014-01-29T02:37:48.000Z
Left Side,2014-01-29T02:38:05.000Z
Left Side,2014-01-29T02:38:10.000Z
Left Side,2014-01-29T02:38:15.000Z
Party in the Back,2014-01-29T02:38:17.000Z
Party in the Back,2014-01-29T02:38:20.000Z
Front Door,2014-01-29T02:38:21.000Z
Back Left,2014-01-29T02:38:42.000Z
Back Left,2014-01-29T02:38:50.000Z
Mid Right Spot,2014-01-29T02:38:51.000Z
Mid Right Spot,2014-01-29T02:38:53.000Z
Back Right,2014-01-29T02:38:54.000Z
Mid Right Spot,2014-01-29T02:38:56.000Z
Near the Party,2014-01-29T02:38:57.000Z
Mid Right Spot,2014-01-29T02:38:58.000Z
Near the Party,2014-01-29T02:39:01.000Z
Mid Right Spot,2014-01-29T02:39:06.000Z
Another Spot,2014-01-29T02:39:08.000Z
Front Door,2014-01-29T02:39:08.000Z
Near the Party,2014-01-29T02:39:09.000Z
Another Spot,2014-01-29T02:39:14.000Z
Back Right,2014-01-29T02:39:28.000Z
Mid Right Spot,2014-01-29T02:39:43.000Z
Mid Right Spot,2014-01-29T02:39:46.000Z
Another Spot,2014-01-29T02:39:55.000Z
Left Side,2014-01-29T02:39:59.000Z
Left Side,2014-01-29T02:40:06.000Z
Party in the Back,2014-01-29T02:40:10.000Z
Left Side,2014-01-29T02:40:11.000Z
Party in the Back,2014-01-29T02:40:18.000Z
Front Left,2014-01-29T02:40:19.000Z
Front Left,2014-01-29T02:40:23.000Z
Front Left,2014-01-29T02:40:30.000Z
Back Right,2014-01-29T02:40:31.000Z
Front Left,2014-01-29T02:40:34.000Z
Front Left,2014-01-29T02:40:42.000Z
Back Right,2014-01-29T02:40:42.000Z
Back Left,2014-01-29T02:40:44.000Z
Front Left,2014-01-29T02:40:46.000Z
Near the Party,2014-01-29T02:40:50.000Z
Near the Front,2014-01-29T02:40:51.000Z
Back Right,2014-01-29T02:41:02.000Z
Back Left,2014-01-29T02:41:03.000Z
Back Left,2014-01-29T02:41:06.000Z
Near the Front,2014-01-29T02:41:08.000Z
Front Left,2014-01-29T02:41:10.000Z
Near the Front,2014-01-29T02:41:12.000Z
Front Left,2014-01-29T02:41:14.000Z
Back Right,2014-01-29T02:41:22.000Z
Party in the Back,2014-01-29T02:41:24.000Z
Front Left,2014-01-29T02:41:25.000Z
Back Right,2014-01-29T02:41:29.000Z
Back Right,2014-01-29T02:41:34.000Z
Near the Party,2014-01-29T02:41:36.000Z
Mid Right Spot,2014-01-29T02:41:36.000Z
Left Side,2014-01-29T02:41:36.000Z
Mid Right Spot,2014-01-29T02:41:38.000Z
Near the Party,2014-01-29T02:41:41.000Z
Near the Party,2014-01-29T02:41:47.000Z
Near the Party,2014-01-29T02:41:52.000Z
Near the Front,2014-01-29T02:41:54.000Z
Another Spot,2014-01-29T02:42:10.000Z
Party in the Back,2014-01-29T02:42:20.000Z
Back Right,2014-01-29T02:42:26.000Z
Front Left,2014-01-29T02:42:28.000Z
Back Left,2014-01-29T02:42:32.000Z
Back Left,2014-01-29T02:42:37.000Z
Near the Front,2014-01-29T02:42:44.000Z
Back Right,2014-01-29T02:42:59.000Z
Near the Party,2014-01-29T02:43:03.000Z
Near the Front,2014-01-29T02:43:06.000Z
Mid Right Spot,2014-01-29T02:43:11.000Z
Mid Right Spot,2014-01-29T02:43:15.000Z
Mid Right Spot,2014-01-29T02:43:17.000Z
Mid Right Spot,2014-01-29T02:43:21.000Z
Another Spot,2014-01-29T02:43:25.000Z
Mid Right Spot,2014-01-29T02:43:27.000Z
Mid Right Spot,2014-01-29T02:43:29.000Z
Party in the Back,2014-01-29T02:43:38.000Z
Party in the Back,2014-01-29T02:43:39.000Z
Party in the Back,2014-01-29T02:43:50.000Z
Back Left,2014-01-29T02:43:57.000Z
Back Left,2014-01-29T02:44:03.000Z
Another Spot,2014-01-29T02:44:06.000Z
Mid Right Spot,2014-01-29T02:44:08.000Z
Another Spot,2014-01-29T02:44:11.000Z
Mid Right Spot,2014-01-29T02:44:12.000Z
Mid Right Spot,2014-01-29T02:44:15.000Z
Party in the Back,2014-01-29T02:44:25.000Z
Back Right,2014-01-29T02:44:41.000Z
Party in the Back,2014-01-29T02:45:31.000Z
Party in the Back,2014-01-29T02:45:45.000Z
Front Door,2014-01-29T02:46:01.000Z
Party in the Back,2014-01-29T02:46:06.000Z
Front Left,2014-01-29T02:46:08.000Z
Mid Right Spot,2014-01-29T02:46:10.000Z
Mid Right Spot,2014-01-29T02:46:15.000Z
Mid Right Spot,2014-01-29T02:46:22.000Z
Another Spot,2014-01-29T02:46:32.000Z
Another Spot,2014-01-29T02:46:38.000Z
Back Right,2014-01-29T02:46:42.000Z
Another Spot,2014-01-29T02:46:42.000Z
Near the Front,2014-01-29T02:46:47.000Z
Another Spot,2014-01-29T02:46:52.000Z
Back Right,2014-01-29T02:46:57.000Z
Back Left,2014-01-29T02:47:02.000Z
Back Left,2014-01-29T02:47:05.000Z
Back Left,2014-01-29T02:47:08.000Z
Another Spot,2014-01-29T02:47:18.000Z
Party in the Back,2014-01-29T02:47:19.000Z
Front Door,2014-01-29T02:47:21.000Z
Party in the Back,2014-01-29T02:47:22.000Z
Mid Right Spot,2014-01-29T02:47:23.000Z
Mid Right Spot,2014-01-29T02:47:29.000Z
Mid Right Spot,2014-01-29T02:47:32.000Z
Near the Front,2014-01-29T02:47:44.000Z
Near the Party,2014-01-29T02:47:59.000Z
Near the Party,2014-01-29T02:48:04.000Z
Near the Front,2014-01-29T02:48:08.000Z
Near the Front,2014-01-29T02:48:13.000Z
Near the Front,2014-01-29T02:48:21.000Z
Near the Front,2014-01-29T02:48:49.000Z
Back Left,2014-01-29T02:48:51.000Z
Near the Party,2014-01-29T02:48:53.000Z
Another Spot,2014-01-29T02:48:54.000Z
Mid Right Spot,2014-01-29T02:48:55.000Z
Near the Front,2014-01-29T02:48:59.000Z
Near the Front,2014-01-29T02:49:04.000Z
Near the Front,2014-01-29T02:49:10.000Z
Front Left,2014-01-29T02:49:17.000Z
Back Right,2014-01-29T02:49:26.000Z
Mid Right Spot,2014-01-29T02:49:26.000Z
Left Side,2014-01-29T02:49:27.000Z
Mid Right Spot,2014-01-29T02:49:28.000Z
Front Left,2014-01-29T02:49:33.000Z
Another Spot,2014-01-29T02:49:34.000Z
Near the Front,2014-01-29T02:49:39.000Z
Near the Front,2014-01-29T02:49:47.000Z
Mid Right Spot,2014-01-29T02:49:50.000Z
Back Right,2014-01-29T02:49:55.000Z
Near the Party,2014-01-29T02:49:58.000Z
Another Spot,2014-01-29T02:50:00.000Z
Back Right,2014-01-29T02:50:05.000Z
Another Spot,2014-01-29T02:50:10.000Z
Front Left,2014-01-29T02:50:15.000Z
Near the Front,2014-01-29T02:50:15.000Z
Back Right,2014-01-29T02:50:15.000Z
Another Spot,2014-01-29T02:50:20.000Z
Back Right,2014-01-29T02:50:20.000Z
Front Left,2014-01-29T02:50:20.000Z
Front Left,2014-01-29T02:50:24.000Z
Mid Right Spot,2014-01-29T02:50:33.000Z
Near the Front,2014-01-29T02:50:35.000Z
Near the Party,2014-01-29T02:50:39.000Z
Near the Front,2014-01-29T02:50:43.000Z
Left Side,2014-01-29T02:50:47.000Z
Near the Front,2014-01-29T02:50:48.000Z
Left Side,2014-01-29T02:50:52.000Z
Another Spot,2014-01-29T02:50:54.000Z
Left Side,2014-01-29T02:50:57.000Z
Mid Right Spot,2014-01-29T02:51:12.000Z
Mid Right Spot,2014-01-29T02:51:17.000Z
Near the Front,2014-01-29T02:51:17.000Z
Mid Right Spot,2014-01-29T02:51:21.000Z
Mid Right Spot,2014-01-29T02:51:23.000Z
Mid Right Spot,2014-01-29T02:51:29.000Z
Mid Right Spot,2014-01-29T02:51:31.000Z
Near the Front,2014-01-29T02:51:34.000Z
Left Side,2014-01-29T02:51:45.000Z
Near the Front,2014-01-29T02:51:49.000Z
Front Left,2014-01-29T02:52:07.000Z
Mid Right Spot,2014-01-29T02:52:12.000Z
Front Left,2014-01-29T02:52:13.000Z
Near the Front,2014-01-29T02:52:31.000Z
Left Side,2014-01-29T02:52:31.000Z
Another Spot,2014-01-29T02:52:41.000Z
Near the Party,2014-01-29T02:52:42.000Z
Another Spot,2014-01-29T02:52:46.000Z
Another Spot,2014-01-29T02:52:54.000Z
Front Left,2014-01-29T02:52:55.000Z
Mid Right Spot,2014-01-29T02:52:56.000Z
Mid Right Spot,2014-01-29T02:52:58.000Z
Mid Right Spot,2014-01-29T02:53:03.000Z
Mid Right Spot,2014-01-29T02:53:08.000Z
Left Side,2014-01-29T02:53:08.000Z
Left Side,2014-01-29T02:53:12.000Z
Mid Right Spot,2014-01-29T02:53:13.000Z
Another Spot,2014-01-29T02:53:14.000Z
Mid Right Spot,2014-01-29T02:53:16.000Z
Near the Party,2014-01-29T02:53:20.000Z
Mid Right Spot,2014-01-29T02:53:20.000Z
Mid Right Spot,2014-01-29T02:53:25.000Z
Near the Party,2014-01-29T02:53:26.000Z
Party in the Back,2014-01-29T02:53:41.000Z
Left Side,2014-01-29T02:53:42.000Z
Front Left,2014-01-29T02:53:46.000Z
Back Right,2014-01-29T02:53:50.000Z
Party in the Back,2014-01-29T02:53:59.000Z
Back Right,2014-01-29T02:54:00.000Z
Near the Front,2014-01-29T02:54:07.000Z
Near the Front,2014-01-29T02:54:14.000Z
Party in the Back,2014-01-29T02:54:16.000Z
Party in the Back,2014-01-29T02:54:17.000Z
Left Side,2014-01-29T02:54:17.000Z
Mid Right Spot,2014-01-29T02:54:20.000Z
Near the Front,2014-01-29T02:54:20.000Z
Back Left,2014-01-29T02:54:22.000Z
Mid Right Spot,2014-01-29T02:54:23.000Z
Another Spot,2014-01-29T02:54:25.000Z
Mid Right Spot,2014-01-29T02:54:25.000Z
Left Side,2014-01-29T02:54:26.000Z
Back Left,2014-01-29T02:54:26.000Z
Party in the Back,2014-01-29T02:54:30.000Z
Back Left,2014-01-29T02:54:31.000Z
Near the Party,2014-01-29T02:54:33.000Z
Near the Front,2014-01-29T02:54:36.000Z
Back Left,2014-01-29T02:54:36.000Z
Near the Party,2014-01-29T02:54:39.000Z
Another Spot,2014-01-29T02:54:40.000Z
Back Left,2014-01-29T02:54:42.000Z
Mid Right Spot,2014-01-29T02:54:44.000Z
Another Spot,2014-01-29T02:54:45.000Z
Party in the Back,2014-01-29T02:54:46.000Z
Mid Right Spot,2014-01-29T02:54:47.000Z
Mid Right Spot,2014-01-29T02:54:49.000Z
Near the Front,2014-01-29T02:54:50.000Z
Mid Right Spot,2014-01-29T02:54:51.000Z
Another Spot,2014-01-29T02:54:57.000Z
Near the Party,2014-01-29T02:55:01.000Z
Back Left,2014-01-29T02:55:03.000Z
Mid Right Spot,2014-01-29T02:55:04.000Z
Mid Right Spot,2014-01-29T02:55:07.000Z
Mid Right Spot,2014-01-29T02:55:09.000Z
Mid Right Spot,2014-01-29T02:55:13.000Z
Front Left,2014-01-29T02:55:19.000Z
Mid Right Spot,2014-01-29T02:55:21.000Z
Near the Party,2014-01-29T02:55:22.000Z
Back Right,2014-01-29T02:55:24.000Z
Back Right,2014-01-29T02:55:29.000Z
Mid Right Spot,2014-01-29T02:55:30.000Z
Back Left,2014-01-29T02:55:35.000Z
Near the Party,2014-01-29T02:55:42.000Z
Mid Right Spot,2014-01-29T02:55:43.000Z
Mid Right Spot,2014-01-29T02:55:52.000Z
Back Right,2014-01-29T02:55:58.000Z
Left Side,2014-01-29T02:55:59.000Z
Another Spot,2014-01-29T02:56:03.000Z
Back Right,2014-01-29T02:56:08.000Z
Back Left,2014-01-29T02:56:10.000Z
Another Spot,2014-01-29T02:56:13.000Z
Back Right,2014-01-29T02:56:13.000Z
Back Left,2014-01-29T02:56:16.000Z
Back Right,2014-01-29T02:56:18.000Z
Front Left,2014-01-29T02:56:26.000Z
Another Spot,2014-01-29T02:56:36.000Z
Another Spot,2014-01-29T02:56:41.000Z
Mid Right Spot,2014-01-29T02:56:49.000Z
Mid Right Spot,2014-01-29T02:56:51.000Z
Mid Right Spot,2014-01-29T02:56:53.000Z
Near the Front,2014-01-29T02:56:55.000Z
Back Left,2014-01-29T02:57:02.000Z
Back Left,2014-01-29T02:57:06.000Z
Mid Right Spot,2014-01-29T02:57:10.000Z
Mid Right Spot,2014-01-29T02:57:13.000Z
Near the Front,2014-01-29T02:57:20.000Z
Mid Right Spot,2014-01-29T02:57:38.000Z
Front Left,2014-01-29T02:57:43.000Z
Near the Party,2014-01-29T02:57:52.000Z
Mid Right Spot,2014-01-29T02:57:53.000Z
Near the Party,2014-01-29T02:57:56.000Z
Mid Right Spot,2014-01-29T02:57:58.000Z
Mid Right Spot,2014-01-29T02:58:01.000Z
Party in the Back,2014-01-29T02:58:06.000Z
Party in the Back,2014-01-29T02:58:34.000Z
Party in the Back,2014-01-29T02:58:35.000Z
Near the Front,2014-01-29T02:58:43.000Z
Near the Party,2014-01-29T02:58:54.000Z
Near the Front,2014-01-29T02:58:57.000Z
Mid Right Spot,2014-01-29T02:59:01.000Z
Another Spot,2014-01-29T02:59:01.000Z
Back Right,2014-01-29T02:59:06.000Z
Another Spot,2014-01-29T02:59:06.000Z
Back Right,2014-01-29T02:59:18.000Z
Back Right,2014-01-29T02:59:23.000Z
Another Spot,2014-01-29T02:59:54.000Z
Back Right,2014-01-29T02:59:59.000Z
Back Left,2014-01-29T03:00:02.000Z
Back Left,2014-01-29T03:00:07.000Z
Near the Party,2014-01-29T03:00:17.000Z
Near the Party,2014-01-29T03:00:19.000Z
Front Left,2014-01-29T03:00:21.000Z
Party in the Back,2014-01-29T03:00:21.000Z
Mid Right Spot,2014-01-29T03:00:22.000Z
Another Spot,2014-01-29T03:00:24.000Z
Front Left,2014-01-29T03:00:27.000Z
Party in the Back,2014-01-29T03:00:30.000Z
Near the Party,2014-01-29T03:00:31.000Z
Back Left,2014-01-29T03:00:32.000Z
Near the Party,2014-01-29T03:00:37.000Z
Mid Right Spot,2014-01-29T03:00:40.000Z
Mid Right Spot,2014-01-29T03:00:43.000Z
Mid Right Spot,2014-01-29T03:00:45.000Z
Back Left,2014-01-29T03:01:08.000Z
Near the Party,2014-01-29T03:01:17.000Z
Front Left,2014-01-29T03:01:28.000Z
Near the Party,2014-01-29T03:01:32.000Z
Front Left,2014-01-29T03:01:32.000Z
Front Left,2014-01-29T03:01:37.000Z
Party in the Back,2014-01-29T03:01:38.000Z
Another Spot,2014-01-29T03:01:43.000Z
Mid Right Spot,2014-01-29T03:01:44.000Z
Back Left,2014-01-29T03:01:48.000Z
Mid Right Spot,2014-01-29T03:01:49.000Z
Another Spot,2014-01-29T03:01:50.000Z
Mid Right Spot,2014-01-29T03:01:53.000Z
Near the Party,2014-01-29T03:01:57.000Z
Left Side,2014-01-29T03:01:57.000Z
Front Left,2014-01-29T03:02:01.000Z
Back Left,2014-01-29T03:02:05.000Z
Left Side,2014-01-29T03:02:07.000Z
Back Left,2014-01-29T03:02:11.000Z
Left Side,2014-01-29T03:02:12.000Z
Back Left,2014-01-29T03:02:13.000Z
Near the Party,2014-01-29T03:02:26.000Z
Party in the Back,2014-01-29T03:02:26.000Z
Back Left,2014-01-29T03:02:31.000Z
Near the Party,2014-01-29T03:02:37.000Z
Near the Party,2014-01-29T03:02:42.000Z
Another Spot,2014-01-29T03:02:42.000Z
Near the Party,2014-01-29T03:02:47.000Z
Near the Party,2014-01-29T03:02:51.000Z
Back Left,2014-01-29T03:02:58.000Z
Back Right,2014-01-29T03:02:59.000Z
Mid Right Spot,2014-01-29T03:03:12.000Z
Near the Party,2014-01-29T03:03:20.000Z
Near the Party,2014-01-29T03:03:22.000Z
Mid Right Spot,2014-01-29T03:03:23.000Z
Mid Right Spot,2014-01-29T03:03:28.000Z
Party in the Back,2014-01-29T03:03:29.000Z
Mid Right Spot,2014-01-29T03:03:31.000Z
Mid Right Spot,2014-01-29T03:03:34.000Z
Party in the Back,2014-01-29T03:03:45.000Z
Left Side,2014-01-29T03:03:47.000Z
Near the Front,2014-01-29T03:03:55.000Z
Near the Front,2014-01-29T03:03:59.000Z
Back Left,2014-01-29T03:04:01.000Z
Near the Front,2014-01-29T03:04:04.000Z
Back Left,2014-01-29T03:04:08.000Z
Back Right,2014-01-29T03:04:10.000Z
Back Left,2014-01-29T03:04:12.000Z
Back Right,2014-01-29T03:04:14.000Z
Near the Party,2014-01-29T03:04:15.000Z
Left Side,2014-01-29T03:04:16.000Z
Back Left,2014-01-29T03:04:17.000Z
Near the Party,2014-01-29T03:04:20.000Z
Back Right,2014-01-29T03:04:21.000Z
Left Side,2014-01-29T03:04:21.000Z
Back Left,2014-01-29T03:04:23.000Z
Back Left,2014-01-29T03:04:27.000Z
Near the Party,2014-01-29T03:04:27.000Z
Left Side,2014-01-29T03:04:29.000Z
Left Side,2014-01-29T03:04:33.000Z
Back Left,2014-01-29T03:04:34.000Z
Back Left,2014-01-29T03:04:39.000Z
Party in the Back,2014-01-29T03:04:41.000Z
Back Left,2014-01-29T03:04:44.000Z
Mid Right Spot,2014-01-29T03:04:44.000Z
Mid Right Spot,2014-01-29T03:04:47.000Z
Back Left,2014-01-29T03:04:49.000Z
Mid Right Spot,2014-01-29T03:04:50.000Z
Near the Party,2014-01-29T03:04:51.000Z
Near the Party,2014-01-29T03:04:57.000Z
Back Left,2014-01-29T03:04:59.000Z
Near the Party,2014-01-29T03:05:01.000Z
Near the Party,2014-01-29T03:05:06.000Z
Mid Right Spot,2014-01-29T03:05:10.000Z
Near the Party,2014-01-29T03:05:12.000Z
Mid Right Spot,2014-01-29T03:05:13.000Z
Near the Party,2014-01-29T03:05:21.000Z
Mid Right Spot,2014-01-29T03:05:24.000Z
Near the Party,2014-01-29T03:05:27.000Z
Back Left,2014-01-29T03:05:29.000Z
Near the Party,2014-01-29T03:05:33.000Z
Back Left,2014-01-29T03:05:35.000Z
Left Side,2014-01-29T03:05:37.000Z
Back Left,2014-01-29T03:05:43.000Z
Near the Party,2014-01-29T03:05:43.000Z
Back Left,2014-01-29T03:05:45.000Z
Mid Right Spot,2014-01-29T03:05:47.000Z
Mid Right Spot,2014-01-29T03:05:50.000Z
Back Left,2014-01-29T03:05:51.000Z
Front Left,2014-01-29T03:05:55.000Z
Back Left,2014-01-29T03:05:57.000Z
Back Left,2014-01-29T03:06:05.000Z
Back Left,2014-01-29T03:06:11.000Z
Another Spot,2014-01-29T03:06:13.000Z
Back Left,2014-01-29T03:06:17.000Z
Near the Front,2014-01-29T03:06:17.000Z
Party in the Back,2014-01-29T03:06:18.000Z
Another Spot,2014-01-29T03:06:22.000Z
Party in the Back,2014-01-29T03:06:23.000Z
Near the Party,2014-01-29T03:06:30.000Z
Near the Party,2014-01-29T03:06:38.000Z
Near the Party,2014-01-29T03:06:43.000Z
Near the Party,2014-01-29T03:06:48.000Z
Back Left,2014-01-29T03:06:51.000Z
Near the Party,2014-01-29T03:06:54.000Z
Near the Party,2014-01-29T03:06:57.000Z
Party in the Back,2014-01-29T03:07:17.000Z
Back Left,2014-01-29T03:07:20.000Z
Back Left,2014-01-29T03:07:25.000Z
Back Left,2014-01-29T03:07:31.000Z
Back Right,2014-01-29T03:07:35.000Z
Party in the Back,2014-01-29T03:07:36.000Z
Back Left,2014-01-29T03:07:43.000Z
Near the Party,2014-01-29T03:08:01.000Z
Near the Party,2014-01-29T03:08:07.000Z
Mid Right Spot,2014-01-29T03:08:08.000Z
Near the Party,2014-01-29T03:08:16.000Z
Near the Party,2014-01-29T03:08:20.000Z
Party in the Back,2014-01-29T03:08:21.000Z
Back Right,2014-01-29T03:08:26.000Z
Near the Front,2014-01-29T03:08:30.000Z
Back Right,2014-01-29T03:08:35.000Z
Another Spot,2014-01-29T03:08:35.000Z
Party in the Back,2014-01-29T03:08:38.000Z
Near the Front,2014-01-29T03:08:40.000Z
Back Right,2014-01-29T03:08:40.000Z
Near the Front,2014-01-29T03:08:45.000Z
Back Right,2014-01-29T03:08:45.000Z
Another Spot,2014-01-29T03:08:50.000Z
Back Left,2014-01-29T03:08:53.000Z
Back Left,2014-01-29T03:08:55.000Z
Mid Right Spot,2014-01-29T03:08:59.000Z
Party in the Back,2014-01-29T03:09:03.000Z
Near the Front,2014-01-29T03:09:08.000Z
Party in the Back,2014-01-29T03:09:09.000Z
Near the Party,2014-01-29T03:09:13.000Z
Near the Party,2014-01-29T03:09:16.000Z
Near the Front,2014-01-29T03:09:17.000Z
Front Left,2014-01-29T03:09:18.000Z
Another Spot,2014-01-29T03:09:21.000Z
Front Left,2014-01-29T03:09:23.000Z
Near the Front,2014-01-29T03:09:26.000Z
Back Right,2014-01-29T03:09:26.000Z
Front Left,2014-01-29T03:09:28.000Z
Left Side,2014-01-29T03:09:41.000Z
Another Spot,2014-01-29T03:09:42.000Z
Left Side,2014-01-29T03:09:46.000Z
Another Spot,2014-01-29T03:09:47.000Z
Mid Right Spot,2014-01-29T03:09:52.000Z
Mid Right Spot,2014-01-29T03:09:55.000Z
Left Side,2014-01-29T03:10:06.000Z
Party in the Back,2014-01-29T03:10:20.000Z
Party in the Back,2014-01-29T03:10:23.000Z
Party in the Back,2014-01-29T03:10:24.000Z
Party in the Back,2014-01-29T03:10:30.000Z
Left Side,2014-01-29T03:10:31.000Z
Near the Front,2014-01-29T03:10:36.000Z
Back Left,2014-01-29T03:10:41.000Z
Another Spot,2014-01-29T03:10:41.000Z
Near the Party,2014-01-29T03:10:57.000Z
Back Right,2014-01-29T03:11:07.000Z
Party in the Back,2014-01-29T03:11:21.000Z
Back Left,2014-01-29T03:11:33.000Z
Near the Party,2014-01-29T03:11:39.000Z
Left Side,2014-01-29T03:11:41.000Z
Front Left,2014-01-29T03:11:41.000Z
Near the Party,2014-01-29T03:11:44.000Z
Another Spot,2014-01-29T03:11:46.000Z
Front Left,2014-01-29T03:11:47.000Z
Near the Front,2014-01-29T03:11:50.000Z
Another Spot,2014-01-29T03:11:50.000Z
Near the Party,2014-01-29T03:11:51.000Z
Left Side,2014-01-29T03:11:51.000Z
Front Left,2014-01-29T03:11:51.000Z
Mid Right Spot,2014-01-29T03:11:52.000Z
Party in the Back,2014-01-29T03:11:52.000Z
Mid Right Spot,2014-01-29T03:11:54.000Z
Party in the Back,2014-01-29T03:11:55.000Z
Back Left,2014-01-29T03:11:56.000Z
Front Left,2014-01-29T03:11:57.000Z
Mid Right Spot,2014-01-29T03:11:58.000Z
Mid Right Spot,2014-01-29T03:12:00.000Z
Near the Party,2014-01-29T03:12:05.000Z
Party in the Back,2014-01-29T03:12:05.000Z
Near the Front,2014-01-29T03:12:08.000Z
Near the Party,2014-01-29T03:12:19.000Z
Near the Front,2014-01-29T03:12:27.000Z
Front Left,2014-01-29T03:12:30.000Z
Back Left,2014-01-29T03:12:31.000Z
Back Left,2014-01-29T03:12:37.000Z
Front Left,2014-01-29T03:12:40.000Z
Front Left,2014-01-29T03:12:45.000Z
Party in the Back,2014-01-29T03:12:51.000Z
Back Left,2014-01-29T03:13:05.000Z
Another Spot,2014-01-29T03:13:18.000Z
Mid Right Spot,2014-01-29T03:13:24.000Z
Near the Front,2014-01-29T03:13:25.000Z
Mid Right Spot,2014-01-29T03:13:28.000Z
Near the Front,2014-01-29T03:13:30.000Z
Back Left,2014-01-29T03:13:31.000Z
Near the Front,2014-01-29T03:13:36.000Z
Near the Party,2014-01-29T03:13:40.000Z
Another Spot,2014-01-29T03:13:43.000Z
Near the Party,2014-01-29T03:13:44.000Z
Another Spot,2014-01-29T03:13:48.000Z
Near the Party,2014-01-29T03:13:56.000Z
Back Right,2014-01-29T03:13:57.000Z
Near the Party,2014-01-29T03:14:06.000Z
Another Spot,2014-01-29T03:14:13.000Z
Mid Right Spot,2014-01-29T03:14:16.000Z
Another Spot,2014-01-29T03:14:17.000Z
Mid Right Spot,2014-01-29T03:14:19.000Z
Front Left,2014-01-29T03:14:20.000Z
Front Left,2014-01-29T03:14:24.000Z
Mid Right Spot,2014-01-29T03:14:27.000Z
Mid Right Spot,2014-01-29T03:14:31.000Z
Back Left,2014-01-29T03:14:32.000Z
Mid Right Spot,2014-01-29T03:14:33.000Z
Near the Party,2014-01-29T03:14:44.000Z
Party in the Back,2014-01-29T03:14:44.000Z
Near the Party,2014-01-29T03:14:48.000Z
Front Left,2014-01-29T03:14:49.000Z
Party in the Back,2014-01-29T03:14:52.000Z
Near the Party,2014-01-29T03:14:52.000Z
Near the Party,2014-01-29T03:14:58.000Z
Back Left,2014-01-29T03:15:02.000Z
Near the Party,2014-01-29T03:15:06.000Z
Back Right,2014-01-29T03:15:07.000Z
Back Left,2014-01-29T03:15:08.000Z
Front Left,2014-01-29T03:15:09.000Z
Back Left,2014-01-29T03:15:12.000Z
Left Side,2014-01-29T03:15:13.000Z
Back Left,2014-01-29T03:15:17.000Z
Near the Front,2014-01-29T03:15:18.000Z
Back Left,2014-01-29T03:15:21.000Z
Near the Front,2014-01-29T03:15:30.000Z
Back Right,2014-01-29T03:15:34.000Z
Near the Party,2014-01-29T03:15:35.000Z
Back Left,2014-01-29T03:15:36.000Z
Near the Party,2014-01-29T03:15:39.000Z
Another Spot,2014-01-29T03:15:39.000Z
Back Left,2014-01-29T03:15:41.000Z
Left Side,2014-01-29T03:15:42.000Z
Left Side,2014-01-29T03:15:47.000Z
Near the Party,2014-01-29T03:15:49.000Z
Party in the Back,2014-01-29T03:15:55.000Z
Mid Right Spot,2014-01-29T03:15:56.000Z
Mid Right Spot,2014-01-29T03:15:59.000Z
Mid Right Spot,2014-01-29T03:16:01.000Z
Party in the Back,2014-01-29T03:16:07.000Z
Party in the Back,2014-01-29T03:16:11.000Z
Party in the Back,2014-01-29T03:16:17.000Z
Back Left,2014-01-29T03:16:18.000Z
Back Right,2014-01-29T03:16:25.000Z
Near the Party,2014-01-29T03:16:34.000Z
Back Right,2014-01-29T03:16:35.000Z
Near the Party,2014-01-29T03:16:37.000Z
Back Right,2014-01-29T03:16:44.000Z
Back Right,2014-01-29T03:16:48.000Z
Mid Right Spot,2014-01-29T03:16:56.000Z
Mid Right Spot,2014-01-29T03:16:59.000Z
Party in the Back,2014-01-29T03:17:04.000Z
Another Spot,2014-01-29T03:17:06.000Z
Mid Right Spot,2014-01-29T03:17:08.000Z
Mid Right Spot,2014-01-29T03:17:12.000Z
Party in the Back,2014-01-29T03:17:12.000Z
Mid Right Spot,2014-01-29T03:17:13.000Z
Mid Right Spot,2014-01-29T03:17:15.000Z
Near the Party,2014-01-29T03:17:28.000Z
Back Right,2014-01-29T03:17:32.000Z
Party in the Back,2014-01-29T03:17:44.000Z
Near the Front,2014-01-29T03:17:59.000Z
Near the Front,2014-01-29T03:18:04.000Z
Front Left,2014-01-29T03:18:07.000Z
Back Right,2014-01-29T03:18:09.000Z
Front Left,2014-01-29T03:18:12.000Z
Another Spot,2014-01-29T03:18:14.000Z
Back Right,2014-01-29T03:18:14.000Z
Back Right,2014-01-29T03:18:19.000Z
Near the Party,2014-01-29T03:18:22.000Z
Another Spot,2014-01-29T03:18:24.000Z
Near the Party,2014-01-29T03:18:27.000Z
Back Right,2014-01-29T03:18:29.000Z
Near the Front,2014-01-29T03:18:29.000Z
Near the Party,2014-01-29T03:18:33.000Z
Near the Front,2014-01-29T03:18:34.000Z
Front Left,2014-01-29T03:18:37.000Z
Party in the Back,2014-01-29T03:18:40.000Z
Front Left,2014-01-29T03:18:45.000Z
Near the Party,2014-01-29T03:19:01.000Z
Left Side,2014-01-29T03:19:04.000Z
Party in the Back,2014-01-29T03:19:04.000Z
Party in the Back,2014-01-29T03:19:06.000Z
Front Left,2014-01-29T03:19:11.000Z
Near the Party,2014-01-29T03:19:13.000Z
Left Side,2014-01-29T03:19:16.000Z
Back Left,2014-01-29T03:19:17.000Z
Front Left,2014-01-29T03:19:21.000Z
Left Side,2014-01-29T03:19:28.000Z
Back Left,2014-01-29T03:19:29.000Z
Left Side,2014-01-29T03:19:32.000Z
Back Left,2014-01-29T03:19:34.000Z
Back Left,2014-01-29T03:19:40.000Z
Left Side,2014-01-29T03:19:41.000Z
Back Left,2014-01-29T03:19:45.000Z
Left Side,2014-01-29T03:19:49.000Z
Back Left,2014-01-29T03:19:50.000Z
Near the Party,2014-01-29T03:19:54.000Z
Back Left,2014-01-29T03:19:56.000Z
Near the Party,2014-01-29T03:20:01.000Z
Back Right,2014-01-29T03:20:10.000Z
Near the Party,2014-01-29T03:20:10.000Z
Near the Party,2014-01-29T03:20:14.000Z
Mid Right Spot,2014-01-29T03:20:16.000Z
Near the Party,2014-01-29T03:20:18.000Z
Mid Right Spot,2014-01-29T03:20:19.000Z
Party in the Back,2014-01-29T03:20:21.000Z
Near the Party,2014-01-29T03:20:22.000Z
Mid Right Spot,2014-01-29T03:20:26.000Z
Near the Party,2014-01-29T03:20:28.000Z
Another Spot,2014-01-29T03:20:43.000Z
Another Spot,2014-01-29T03:20:50.000Z
Party in the Back,2014-01-29T03:20:53.000Z
Near the Front,2014-01-29T03:20:59.000Z
Another Spot,2014-01-29T03:21:06.000Z
Party in the Back,2014-01-29T03:21:18.000Z
Near the Front,2014-01-29T03:21:19.000Z
Back Right,2014-01-29T03:21:35.000Z
Front Left,2014-01-29T03:21:39.000Z
Another Spot,2014-01-29T03:21:51.000Z
Another Spot,2014-01-29T03:21:56.000Z
Back Right,2014-01-29T03:22:01.000Z
Party in the Back,2014-01-29T03:22:08.000Z
Another Spot,2014-01-29T03:22:08.000Z
Near the Front,2014-01-29T03:22:17.000Z
Near the Front,2014-01-29T03:22:24.000Z
Back Left,2014-01-29T03:22:27.000Z
Back Right,2014-01-29T03:22:29.000Z
Back Left,2014-01-29T03:22:30.000Z
Back Left,2014-01-29T03:22:36.000Z
Party in the Back,2014-01-29T03:22:36.000Z
Back Right,2014-01-29T03:22:38.000Z
Back Left,2014-01-29T03:22:42.000Z
Back Left,2014-01-29T03:22:49.000Z
Back Left,2014-01-29T03:22:56.000Z
Party in the Back,2014-01-29T03:23:37.000Z
Near the Party,2014-01-29T03:23:52.000Z
Front Left,2014-01-29T03:24:01.000Z
Front Left,2014-01-29T03:24:07.000Z
Back Left,2014-01-29T03:24:08.000Z
Near the Party,2014-01-29T03:24:09.000Z
Back Left,2014-01-29T03:24:11.000Z
Back Left,2014-01-29T03:24:17.000Z
Mid Right Spot,2014-01-29T03:24:24.000Z
Back Left,2014-01-29T03:24:36.000Z
Back Left,2014-01-29T03:24:41.000Z
Near the Party,2014-01-29T03:24:43.000Z
Near the Party,2014-01-29T03:24:49.000Z
Party in the Back,2014-01-29T03:24:51.000Z
Front Left,2014-01-29T03:24:57.000Z
Party in the Back,2014-01-29T03:24:59.000Z
Back Right,2014-01-29T03:24:59.000Z
Back Left,2014-01-29T03:25:01.000Z
Front Left,2014-01-29T03:25:01.000Z
Back Right,2014-01-29T03:25:12.000Z
Near the Party,2014-01-29T03:25:13.000Z
Back Right,2014-01-29T03:25:17.000Z
Back Left,2014-01-29T03:25:21.000Z
Left Side,2014-01-29T03:25:22.000Z
Near the Front,2014-01-29T03:25:23.000Z
Near the Front,2014-01-29T03:25:27.000Z
Another Spot,2014-01-29T03:25:46.000Z
Party in the Back,2014-01-29T03:25:47.000Z
Party in the Back,2014-01-29T03:25:48.000Z
Party in the Back,2014-01-29T03:25:49.000Z
Front Left,2014-01-29T03:26:02.000Z
Another Spot,2014-01-29T03:26:10.000Z
Back Right,2014-01-29T03:26:17.000Z
Another Spot,2014-01-29T03:26:22.000Z
Near the Party,2014-01-29T03:26:25.000Z
Another Spot,2014-01-29T03:26:27.000Z
Party in the Back,2014-01-29T03:26:29.000Z
Near the Party,2014-01-29T03:26:32.000Z
Back Right,2014-01-29T03:26:47.000Z
Near the Party,2014-01-29T03:26:49.000Z
Near the Party,2014-01-29T03:26:54.000Z
Mid Right Spot,2014-01-29T03:26:55.000Z
Mid Right Spot,2014-01-29T03:26:58.000Z
Mid Right Spot,2014-01-29T03:27:00.000Z
Near the Party,2014-01-29T03:27:00.000Z
Party in the Back,2014-01-29T03:27:00.000Z
Mid Right Spot,2014-01-29T03:27:03.000Z
Party in the Back,2014-01-29T03:27:06.000Z
Mid Right Spot,2014-01-29T03:27:16.000Z
Left Side,2014-01-29T03:27:24.000Z
Left Side,2014-01-29T03:27:55.000Z
Near the Front,2014-01-29T03:27:56.000Z
Back Left,2014-01-29T03:27:58.000Z
Left Side,2014-01-29T03:28:00.000Z
Back Left,2014-01-29T03:28:08.000Z
Near the Front,2014-01-29T03:28:11.000Z
Left Side,2014-01-29T03:28:19.000Z
Near the Party,2014-01-29T03:28:34.000Z
Left Side,2014-01-29T03:28:36.000Z
Mid Right Spot,2014-01-29T03:28:37.000Z
Near the Party,2014-01-29T03:28:40.000Z
Left Side,2014-01-29T03:28:43.000Z
Near the Party,2014-01-29T03:28:45.000Z
Front Left,2014-01-29T03:28:49.000Z
Near the Party,2014-01-29T03:28:52.000Z
Front Left,2014-01-29T03:28:57.000Z
Near the Front,2014-01-29T03:29:09.000Z
Back Right,2014-01-29T03:29:14.000Z
Near the Front,2014-01-29T03:29:30.000Z
Near the Party,2014-01-29T03:29:35.000Z
Party in the Back,2014-01-29T03:29:43.000Z
Back Left,2014-01-29T03:29:51.000Z
Back Left,2014-01-29T03:29:55.000Z
Back Left,2014-01-29T03:29:59.000Z
Party in the Back,2014-01-29T03:30:13.000Z
Near the Party,2014-01-29T03:30:21.000Z
Front Left,2014-01-29T03:30:22.000Z
Another Spot,2014-01-29T03:30:45.000Z
Another Spot,2014-01-29T03:30:54.000Z
Party in the Back,2014-01-29T03:30:57.000Z
Back Right,2014-01-29T03:30:58.000Z
Another Spot,2014-01-29T03:30:58.000Z
Back Right,2014-01-29T03:31:03.000Z
Another Spot,2014-01-29T03:31:08.000Z
Near the Party,2014-01-29T03:31:11.000Z
Near the Party,2014-01-29T03:31:18.000Z
Party in the Back,2014-01-29T03:31:20.000Z
Front Door,2014-01-29T03:31:26.000Z
Party in the Back,2014-01-29T03:31:32.000Z
Left Side,2014-01-29T03:31:36.000Z
Back Left,2014-01-29T03:31:53.000Z
Back Left,2014-01-29T03:31:59.000Z
Back Left,2014-01-29T03:32:03.000Z
Front Left,2014-01-29T03:32:17.000Z
Left Side,2014-01-29T03:32:24.000Z
Left Side,2014-01-29T03:32:31.000Z
Party in the Back,2014-01-29T03:32:35.000Z
Near the Party,2014-01-29T03:32:44.000Z
Near the Party,2014-01-29T03:32:50.000Z
Near the Party,2014-01-29T03:32:54.000Z
Back Right,2014-01-29T03:33:09.000Z
Back Right,2014-01-29T03:33:21.000Z
Mid Right Spot,2014-01-29T03:33:23.000Z
Party in the Back,2014-01-29T03:33:27.000Z
Back Right,2014-01-29T03:33:41.000Z
Near the Front,2014-01-29T03:33:46.000Z
Left Side,2014-01-29T03:33:56.000Z
Near the Party,2014-01-29T03:33:57.000Z
Left Side,2014-01-29T03:34:02.000Z
Party in the Back,2014-01-29T03:34:03.000Z
Near the Party,2014-01-29T03:34:04.000Z
Party in the Back,2014-01-29T03:34:13.000Z
Another Spot,2014-01-29T03:34:15.000Z
Another Spot,2014-01-29T03:34:21.000Z
Back Left,2014-01-29T03:34:22.000Z
Back Left,2014-01-29T03:34:24.000Z
Party in the Back,2014-01-29T03:34:39.000Z
Party in the Back,2014-01-29T03:34:49.000Z
Front Left,2014-01-29T03:34:53.000Z
Near the Party,2014-01-29T03:34:58.000Z
Near the Front,2014-01-29T03:34:58.000Z
Another Spot,2014-01-29T03:35:14.000Z
Another Spot,2014-01-29T03:35:18.000Z
Party in the Back,2014-01-29T03:35:19.000Z
Another Spot,2014-01-29T03:35:27.000Z
Mid Right Spot,2014-01-29T03:35:30.000Z
Near the Front,2014-01-29T03:35:31.000Z
Mid Right Spot,2014-01-29T03:35:37.000Z
Back Right,2014-01-29T03:35:39.000Z
Near the Party,2014-01-29T03:35:40.000Z
Near the Party,2014-01-29T03:35:49.000Z
Back Left,2014-01-29T03:35:54.000Z
Front Left,2014-01-29T03:35:58.000Z
Back Left,2014-01-29T03:36:01.000Z
Front Left,2014-01-29T03:36:07.000Z
Party in the Back,2014-01-29T03:36:29.000Z
Left Side,2014-01-29T03:36:40.000Z
Near the Front,2014-01-29T03:36:44.000Z
Front Left,2014-01-29T03:36:45.000Z
Left Side,2014-01-29T03:36:45.000Z
Front Door,2014-01-29T03:36:50.000Z
Near the Party,2014-01-29T03:37:20.000Z
Near the Party,2014-01-29T03:37:52.000Z
Front Door,2014-01-29T03:38:01.000Z
Left Side,2014-01-29T03:38:18.000Z
Party in the Back,2014-01-29T03:38:18.000Z
Left Side,2014-01-29T03:38:24.000Z
Front Left,2014-01-29T03:38:31.000Z
Front Left,2014-01-29T03:38:35.000Z
Front Left,2014-01-29T03:38:46.000Z
Left Side,2014-01-29T03:38:57.000Z
Party in the Back,2014-01-29T03:39:06.000Z
Near the Party,2014-01-29T03:39:10.000Z
Mid Right Spot,2014-01-29T03:39:11.000Z
Another Spot,2014-01-29T03:39:13.000Z
Near the Party,2014-01-29T03:39:13.000Z
Back Right,2014-01-29T03:39:18.000Z
Another Spot,2014-01-29T03:39:23.000Z
Another Spot,2014-01-29T03:39:30.000Z
Back Right,2014-01-29T03:39:34.000Z
Left Side,2014-01-29T03:39:38.000Z
Near the Front,2014-01-29T03:39:44.000Z
Party in the Back,2014-01-29T03:40:10.000Z
Left Side,2014-01-29T03:40:14.000Z
Near the Front,2014-01-29T03:40:19.000Z
Left Side,2014-01-29T03:40:20.000Z
Left Side,2014-01-29T03:40:25.000Z
Back Left,2014-01-29T03:40:30.000Z
Back Left,2014-01-29T03:40:35.000Z
Left Side,2014-01-29T03:40:36.000Z
Back Left,2014-01-29T03:40:38.000Z
Near the Party,2014-01-29T03:40:48.000Z
Back Left,2014-01-29T03:40:52.000Z
Back Left,2014-01-29T03:40:57.000Z
Near the Party,2014-01-29T03:40:58.000Z
Mid Right Spot,2014-01-29T03:40:59.000Z
Near the Party,2014-01-29T03:41:02.000Z
Mid Right Spot,2014-01-29T03:41:02.000Z
Near the Front,2014-01-29T03:41:07.000Z
Back Left,2014-01-29T03:41:08.000Z
Near the Party,2014-01-29T03:41:08.000Z
Front Left,2014-01-29T03:41:09.000Z
Another Spot,2014-01-29T03:41:18.000Z
Back Left,2014-01-29T03:41:20.000Z
Near the Party,2014-01-29T03:41:21.000Z
Back Right,2014-01-29T03:41:23.000Z
Near the Party,2014-01-29T03:41:24.000Z
Left Side,2014-01-29T03:41:25.000Z
Another Spot,2014-01-29T03:41:28.000Z
Back Right,2014-01-29T03:41:28.000Z
Near the Party,2014-01-29T03:41:29.000Z
Another Spot,2014-01-29T03:41:32.000Z
Another Spot,2014-01-29T03:41:38.000Z
Front Left,2014-01-29T03:41:39.000Z
Party in the Back,2014-01-29T03:41:41.000Z
Back Right,2014-01-29T03:41:42.000Z
Near the Party,2014-01-29T03:42:03.000Z
Near the Front,2014-01-29T03:42:06.000Z
Near the Front,2014-01-29T03:42:13.000Z
Left Side,2014-01-29T03:42:17.000Z
Another Spot,2014-01-29T03:42:21.000Z
Left Side,2014-01-29T03:42:22.000Z
Left Side,2014-01-29T03:42:27.000Z
Back Left,2014-01-29T03:42:41.000Z
Near the Party,2014-01-29T03:42:47.000Z
Near the Party,2014-01-29T03:42:50.000Z
Back Left,2014-01-29T03:43:17.000Z
Front Left,2014-01-29T03:43:29.000Z
Mid Right Spot,2014-01-29T03:43:43.000Z
Mid Right Spot,2014-01-29T03:43:45.000Z
Front Door,2014-01-29T03:44:19.000Z
Back Left,2014-01-29T03:44:29.000Z
Back Left,2014-01-29T03:44:35.000Z
Back Left,2014-01-29T03:44:41.000Z
Party in the Back,2014-01-29T03:44:41.000Z
Near the Party,2014-01-29T03:44:51.000Z
Back Right,2014-01-29T03:45:20.000Z
Another Spot,2014-01-29T03:45:25.000Z
Back Right,2014-01-29T03:45:33.000Z
Near the Front,2014-01-29T03:46:08.000Z
Back Right,2014-01-29T03:46:13.000Z
Mid Right Spot,2014-01-29T03:46:26.000Z
Party in the Back,2014-01-29T03:46:56.000Z
Near the Party,2014-01-29T03:47:24.000Z
Mid Right Spot,2014-01-29T03:47:29.000Z
Near the Party,2014-01-29T03:47:30.000Z
Mid Right Spot,2014-01-29T03:47:32.000Z
Near the Party,2014-01-29T03:47:35.000Z
Mid Right Spot,2014-01-29T03:47:35.000Z
Back Left,2014-01-29T03:47:58.000Z
Party in the Back,2014-01-29T03:48:03.000Z
Back Right,2014-01-29T03:48:09.000Z
Front Left,2014-01-29T03:48:13.000Z
Near the Front,2014-01-29T03:48:16.000Z
Front Left,2014-01-29T03:48:27.000Z
Party in the Back,2014-01-29T03:48:31.000Z
Left Side,2014-01-29T03:48:41.000Z
Party in the Back,2014-01-29T03:48:58.000Z
Left Side,2014-01-29T03:49:07.000Z
Mid Right Spot,2014-01-29T03:49:25.000Z
Mid Right Spot,2014-01-29T03:49:35.000Z
Back Left,2014-01-29T03:49:36.000Z
Mid Right Spot,2014-01-29T03:49:38.000Z
Near the Front,2014-01-29T03:49:39.000Z
Near the Front,2014-01-29T03:49:44.000Z
Party in the Back,2014-01-29T03:49:53.000Z
Back Right,2014-01-29T03:49:59.000Z
Near the Front,2014-01-29T03:50:10.000Z
Another Spot,2014-01-29T03:50:25.000Z
Back Right,2014-01-29T03:50:30.000Z
Near the Party,2014-01-29T03:50:33.000Z
Back Right,2014-01-29T03:50:41.000Z
Back Right,2014-01-29T03:50:46.000Z
Mid Right Spot,2014-01-29T03:50:49.000Z
Mid Right Spot,2014-01-29T03:50:52.000Z
Mid Right Spot,2014-01-29T03:50:54.000Z
Mid Right Spot,2014-01-29T03:50:56.000Z
Mid Right Spot,2014-01-29T03:50:58.000Z
Mid Right Spot,2014-01-29T03:51:03.000Z
Front Left,2014-01-29T03:51:24.000Z
Front Left,2014-01-29T03:51:28.000Z
Mid Right Spot,2014-01-29T03:51:32.000Z
Front Left,2014-01-29T03:51:34.000Z
Mid Right Spot,2014-01-29T03:51:35.000Z
Mid Right Spot,2014-01-29T03:51:37.000Z
Mid Right Spot,2014-01-29T03:51:42.000Z
Near the Front,2014-01-29T03:51:57.000Z
Front Left,2014-01-29T03:52:05.000Z
Front Left,2014-01-29T03:52:10.000Z
Party in the Back,2014-01-29T03:52:15.000Z
Near the Party,2014-01-29T03:52:19.000Z
Another Spot,2014-01-29T03:52:33.000Z
Back Left,2014-01-29T03:52:48.000Z
Near the Front,2014-01-29T03:52:52.000Z
Back Right,2014-01-29T03:53:28.000Z
Back Right,2014-01-29T03:53:33.000Z
Left Side,2014-01-29T03:53:34.000Z
Party in the Back,2014-01-29T03:53:39.000Z
Party in the Back,2014-01-29T03:53:40.000Z
Near the Front,2014-01-29T03:53:44.000Z
Left Side,2014-01-29T03:53:48.000Z
Near the Front,2014-01-29T03:53:58.000Z
Left Side,2014-01-29T03:54:04.000Z
Near the Party,2014-01-29T03:54:14.000Z
Near the Party,2014-01-29T03:54:24.000Z
Party in the Back,2014-01-29T03:54:25.000Z
Back Left,2014-01-29T03:54:26.000Z
Another Spot,2014-01-29T03:54:33.000Z
Party in the Back,2014-01-29T03:54:41.000Z
Front Left,2014-01-29T03:54:44.000Z
Party in the Back,2014-01-29T03:55:09.000Z
Back Left,2014-01-29T03:56:02.000Z
Near the Party,2014-01-29T03:56:14.000Z
Back Right,2014-01-29T03:56:35.000Z
Back Right,2014-01-29T03:56:42.000Z
Back Right,2014-01-29T03:56:47.000Z
Another Spot,2014-01-29T03:56:53.000Z
Back Right,2014-01-29T03:56:58.000Z
Near the Front,2014-01-29T03:57:03.000Z
Party in the Back,2014-01-29T03:57:08.000Z
Front Left,2014-01-29T03:57:30.000Z
Front Left,2014-01-29T03:57:37.000Z
Near the Front,2014-01-29T03:57:37.000Z
Near the Party,2014-01-29T03:57:37.000Z
Near the Party,2014-01-29T03:57:43.000Z
Near the Party,2014-01-29T03:57:49.000Z
Party in the Back,2014-01-29T03:57:49.000Z
Party in the Back,2014-01-29T03:57:50.000Z
Near the Party,2014-01-29T03:57:54.000Z
Near the Party,2014-01-29T03:58:00.000Z
Another Spot,2014-01-29T03:58:02.000Z
Near the Party,2014-01-29T03:58:04.000Z
Back Left,2014-01-29T03:58:07.000Z
Front Left,2014-01-29T03:58:07.000Z
Near the Party,2014-01-29T03:58:08.000Z
Another Spot,2014-01-29T03:58:09.000Z
Near the Party,2014-01-29T03:58:13.000Z
Near the Party,2014-01-29T03:58:19.000Z
Another Spot,2014-01-29T03:58:24.000Z
Near the Party,2014-01-29T03:58:28.000Z
Back Left,2014-01-29T03:58:50.000Z
Party in the Back,2014-01-29T03:58:57.000Z
Left Side,2014-01-29T03:59:02.000Z
Another Spot,2014-01-29T03:59:08.000Z
Back Left,2014-01-29T03:59:14.000Z
Front Left,2014-01-29T03:59:14.000Z
Back Left,2014-01-29T03:59:19.000Z
Back Left,2014-01-29T03:59:25.000Z
Near the Party,2014-01-29T03:59:30.000Z
Back Left,2014-01-29T03:59:31.000Z
Near the Front,2014-01-29T03:59:33.000Z
Near the Party,2014-01-29T03:59:38.000Z
Near the Party,2014-01-29T03:59:41.000Z
Back Left,2014-01-29T03:59:46.000Z
Front Left,2014-01-29T03:59:46.000Z
Front Left,2014-01-29T04:00:00.000Z
Front Left,2014-01-29T04:00:10.000Z
Front Left,2014-01-29T04:00:16.000Z
Front Left,2014-01-29T04:00:35.000Z
Back Left,2014-01-29T04:01:05.000Z
Left Side,2014-01-29T04:01:08.000Z
Left Side,2014-01-29T04:01:13.000Z
Left Side,2014-01-29T04:01:19.000Z
Near the Front,2014-01-29T04:01:21.000Z
Front Left,2014-01-29T04:01:24.000Z
Party in the Back,2014-01-29T04:01:24.000Z
Back Right,2014-01-29T04:01:32.000Z
Mid Right Spot,2014-01-29T04:01:50.000Z
Back Right,2014-01-29T04:01:59.000Z
Back Right,2014-01-29T04:02:11.000Z
Near the Front,2014-01-29T04:02:16.000Z
Another Spot,2014-01-29T04:02:21.000Z
Another Spot,2014-01-29T04:02:26.000Z
Another Spot,2014-01-29T04:02:36.000Z
Another Spot,2014-01-29T04:02:40.000Z
Mid Right Spot,2014-01-29T04:02:41.000Z
Left Side,2014-01-29T04:03:17.000Z
Near the Party,2014-01-29T04:03:19.000Z
Another Spot,2014-01-29T04:04:13.000Z
Front Left,2014-01-29T04:04:25.000Z
Left Side,2014-01-29T04:04:48.000Z
Back Left,2014-01-29T04:04:54.000Z
Near the Front,2014-01-29T04:05:01.000Z
Near the Front,2014-01-29T04:05:06.000Z
Back Right,2014-01-29T04:05:11.000Z
Near the Front,2014-01-29T04:05:16.000Z
Party in the Back,2014-01-29T04:05:20.000Z
Back Right,2014-01-29T04:05:25.000Z
Another Spot,2014-01-29T04:05:30.000Z
Back Right,2014-01-29T04:05:40.000Z
Near the Party,2014-01-29T04:05:53.000Z
Left Side,2014-01-29T04:06:10.000Z
Left Side,2014-01-29T04:06:17.000Z
Near the Party,2014-01-29T04:06:44.000Z
Back Right,2014-01-29T04:06:48.000Z
Near the Front,2014-01-29T04:06:57.000Z
Front Left,2014-01-29T04:06:58.000Z
Front Left,2014-01-29T04:07:03.000Z
Another Spot,2014-01-29T04:07:05.000Z
Near the Front,2014-01-29T04:07:23.000Z
Back Left,2014-01-29T04:07:36.000Z
Near the Front,2014-01-29T04:07:38.000Z
Near the Party,2014-01-29T04:07:41.000Z
Front Left,2014-01-29T04:07:58.000Z
Back Right,2014-01-29T04:08:14.000Z
Back Right,2014-01-29T04:08:21.000Z
Party in the Back,2014-01-29T04:08:22.000Z
Party in the Back,2014-01-29T04:08:30.000Z
Party in the Back,2014-01-29T04:08:37.000Z
Back Right,2014-01-29T04:08:46.000Z
Back Right,2014-01-29T04:08:51.000Z
Back Left,2014-01-29T04:09:07.000Z
Party in the Back,2014-01-29T04:09:22.000Z
Party in the Back,2014-01-29T04:09:22.000Z
Near the Front,2014-01-29T04:09:31.000Z
Front Left,2014-01-29T04:09:50.000Z
Back Left,2014-01-29T04:09:51.000Z
Back Right,2014-01-29T04:09:54.000Z
Front Left,2014-01-29T04:09:54.000Z
Near the Party,2014-01-29T04:09:56.000Z
Back Left,2014-01-29T04:09:57.000Z
Front Door,2014-01-29T04:10:01.000Z
Front Left,2014-01-29T04:10:01.000Z
Near the Front,2014-01-29T04:10:04.000Z
Another Spot,2014-01-29T04:10:15.000Z
Party in the Back,2014-01-29T04:10:17.000Z
Another Spot,2014-01-29T04:10:25.000Z
Party in the Back,2014-01-29T04:10:27.000Z
Party in the Back,2014-01-29T04:10:30.000Z
Party in the Back,2014-01-29T04:10:36.000Z
Party in the Back,2014-01-29T04:10:43.000Z
Front Door,2014-01-29T04:10:45.000Z
Back Left,2014-01-29T04:11:11.000Z
Back Left,2014-01-29T04:11:18.000Z
Back Right,2014-01-29T04:11:54.000Z
Left Side,2014-01-29T04:12:10.000Z
Near the Front,2014-01-29T04:12:21.000Z
Back Left,2014-01-29T04:12:24.000Z
Near the Party,2014-01-29T04:12:30.000Z
Back Left,2014-01-29T04:12:35.000Z
Party in the Back,2014-01-29T04:12:55.000Z
Left Side,2014-01-29T04:13:04.000Z
Another Spot,2014-01-29T04:13:13.000Z
Mid Right Spot,2014-01-29T04:13:28.000Z
Mid Right Spot,2014-01-29T04:14:58.000Z
Mid Right Spot,2014-01-29T04:15:05.000Z
Party in the Back,2014-01-29T04:15:33.000Z
Another Spot,2014-01-29T04:15:37.000Z
Left Side,2014-01-29T04:15:50.000Z
Near the Party,2014-01-29T04:16:01.000Z
Front Left,2014-01-29T04:16:07.000Z
Back Left,2014-01-29T04:16:40.000Z
Back Left,2014-01-29T04:16:54.000Z
Left Side,2014-01-29T04:17:11.000Z
Back Left,2014-01-29T04:19:36.000Z
Party in the Back,2014-01-29T04:20:00.000Z
Back Left,2014-01-29T04:20:14.000Z
Party in the Back,2014-01-29T04:20:22.000Z
Back Left,2014-01-29T04:20:39.000Z
Front Left,2014-01-29T04:20:47.000Z
Party in the Back,2014-01-29T04:21:14.000Z
Left Side,2014-01-29T04:21:20.000Z
Left Side,2014-01-29T04:22:29.000Z
Left Side,2014-01-29T04:22:33.000Z
Back Right,2014-01-29T04:24:43.000Z
Near the Front,2014-01-29T04:25:22.000Z
Back Right,2014-01-29T04:25:27.000Z
Mid Right Spot,2014-01-29T04:25:28.000Z
Left Side,2014-01-29T04:25:44.000Z
Party in the Back,2014-01-29T04:27:05.000Z
